-- phpMyAdmin SQL Dump
-- version 5.0.4
-- https://www.phpmyadmin.net/
--
-- Host: 127.0.0.1
-- Generation Time: Mar 08, 2021 at 05:21 AM
-- Server version: 10.4.17-MariaDB
-- PHP Version: 7.4.14

SET SQL_MODE = "NO_AUTO_VALUE_ON_ZERO";
START TRANSACTION;
SET time_zone = "+00:00";


/*!40101 SET @OLD_CHARACTER_SET_CLIENT=@@CHARACTER_SET_CLIENT */;
/*!40101 SET @OLD_CHARACTER_SET_RESULTS=@@CHARACTER_SET_RESULTS */;
/*!40101 SET @OLD_COLLATION_CONNECTION=@@COLLATION_CONNECTION */;
/*!40101 SET NAMES utf8mb4 */;

--
-- Database: `db_poopiyohe`
--

-- --------------------------------------------------------

--
-- Table structure for table `auditan`
--

CREATE TABLE `auditan` (
  `id` char(20) NOT NULL,
  `nama` varchar(50) NOT NULL,
  `mitra` varchar(20) NOT NULL
) ENGINE=InnoDB DEFAULT CHARSET=utf8mb4;

-- --------------------------------------------------------

--
-- Table structure for table `auditor`
--

CREATE TABLE `auditor` (
  `id` int(11) NOT NULL,
  `nama` varchar(50) NOT NULL
) ENGINE=InnoDB DEFAULT CHARSET=utf8mb4;

--
-- Dumping data for table `auditor`
--

INSERT INTO `auditor` (`id`, `nama`) VALUES
(2, 'Erwin Setiabudi'),
(3, 'Ibnu Samsudar'),
(4, 'Ahmad Dahlan'),
(5, 'Novi Steffen Raintung'),
(6, 'Syarif Hidayatullah Suleman'),
(7, 'Jamsir Utiarahman'),
(8, 'Susi Yefrida'),
(9, 'Kiki Asmaeni'),
(10, 'Arfan Suryadi'),
(11, 'Heri Kiswanto'),
(12, 'Farid Adam Rahmadi'),
(13, 'Faris Naufal Ghani Habibullah'),
(14, 'Mido Gustaf Santana'),
(15, 'Muhammad Sulistiyono'),
(16, 'Anton Kurniawan'),
(17, 'Henry Nugraha'),
(18, 'Luluk Lutfiana'),
(19, 'Muhammad Yusuf Hidayat'),
(20, 'Mukhlis Erisnanto'),
(21, 'Ni Wayan Sintya Galuh Paramita'),
(22, 'Titiana Muqitoh');

-- --------------------------------------------------------

--
-- Table structure for table `instansi_vertikal`
--

CREATE TABLE `instansi_vertikal` (
  `id` int(11) NOT NULL,
  `nama_instansi` varchar(150) NOT NULL,
  `keterangan` text NOT NULL,
  `id_pemda` varchar(50) NOT NULL
) ENGINE=InnoDB DEFAULT CHARSET=utf8mb4;

--
-- Dumping data for table `instansi_vertikal`
--

INSERT INTO `instansi_vertikal` (`id`, `nama_instansi`, `keterangan`, `id_pemda`) VALUES
(20, 'DINAS PENDIDIKAN, KEBUDAYAAN, PEMUDA DAN OLAHRAGA', '-', '8'),
(21, 'DINAS KESEHATAN', '-', '8'),
(22, 'RUMAH SAKIT UMUM DAERAH dr. HASRI AINUN HABIBIE ', '-', '8'),
(23, 'DINAS PEKERJAAN UMUM DAN PENATAAN RUANG', '-', '8'),
(24, 'DINAS PERUMAHAN RAKYAT DAN KAWASAN PERMUKIMAN', '-', '8'),
(25, 'BADAN KESATUAN BANGSA DAN POLITIK', '-', '8'),
(26, 'DINAS SOSIAL, PEMBERDAYAAN PEREMPUAN DAN PERLINDUNGAN ANAK', '-', '8'),
(27, 'BADAN PENANGGULANGAN BENCANA DAERAH', '-', '8'),
(28, 'DINAS TENAGA KERJA DAN TRANSMIGRASI', '-', '8'),
(29, 'DINAS PANGAN ', '-', '8'),
(30, 'DINAS LINGKUNGAN HIDUP DAN KEHUTANAN', '-', '8'),
(31, 'BADAN LINGKUNGAN HIDUP DAN RISET DAERAH', '-', '8'),
(32, 'DINAS PEMBERDAYAAN MASYARAKAT DAN DESA, ADMINISTRASI KEPENDUDUKAN PENCATATAN SIPIL', '-', '8'),
(33, 'SEKRETARIAT PELAKSANA HARIAN BNP', '-', '8'),
(34, 'DINAS PERHUBUNGAN', '-', '8'),
(35, 'DINAS KOMUNIKASI, INFORMATIKA DAN STATISTIK', '-', '8'),
(36, 'DINAS KOPERASI, UKM, PERINDUSTRIAN DAN PERDAGANGAN', '-', '8'),
(37, 'DINAS PENANAMAN MODAL, ESDM DAN TRANSMIGRASI', '-', '8'),
(38, 'DINAS KEARSIPAN DAN PERPUSTAKAAN', '-', '8'),
(39, 'DINAS KELAUTAN DAN PERIKANAN', '-', '8'),
(40, 'DINAS PARIWISATA', '-', '8'),
(41, 'DINAS PERTANIAN ', '-', '8'),
(42, 'DINAS PETERNAKAN DAN PERKEBUNAN', '-', '8'),
(43, 'BADAN KOORDINASI PENYULUHAN', '-', '8'),
(44, 'DEWAN PERWAKILAN RAKYAT DAERAH', '-', '8'),
(45, 'KEPALA DAERAH DAN WAKIL KEPALA DAERAH', '-', '8'),
(46, 'SEKRETARIAT DAERAH', '-', '8'),
(47, 'SEKRETARIAT DPRD', '-', '8'),
(48, 'BADAN PENGHUBUNG', '-', '8'),
(49, 'SATUAN POLISI PAMONG PRAJA DAN PERLINDUNGAN MASYARAKAT', '-', '8'),
(50, 'SEKRETARIAT DEWAN PENGURUS KORPRI', '-', '8'),
(51, 'INSPEKTORAT PROVINSI GORONTALO', '-', '8'),
(52, 'BADAN PERENCANAAN, PENELITIAN DAN PENGEMBANGAN DAERAH', '-', '8'),
(53, 'BADAN KEUANGAN PROVINSI GORONTALO', '-', '8'),
(54, 'BADAN KEPEGAWAIAN', '-', '8'),
(55, 'BADAN PENDIDIKAN DAN PELATIHAN', '-', '8'),
(56, 'DINAS PENDIDIKAN', '-', '6'),
(57, 'DINAS KESEHATAN', '-', '6'),
(58, 'DINAS PEKERJAAN UMUM DAN PENATAAN RUANG', '-', '6'),
(59, 'DINAS PERUMAHAN RAKYAT DAN KAWASAN PEMUKIMAN', '-', '6'),
(60, 'SATUAN POLISI PAMONG PRAJA', '-', '6'),
(61, 'BADAN PENANGGULANGAN BENCANA DAERAH', '-', '6'),
(62, 'DINAS SOSIAL DAN PEMBERDAYAAN MASYARAKAT', '-', '6'),
(63, 'DINAS TENAGA KERJA, KOPERASI DAN UKM', '-', '6'),
(64, 'DINAS PENGENDALIAN PENDUDUK, KB, PEMBERDAYAAN PEREMPUAN DAN PERLINDUNGAN ANAK', '-', '6'),
(65, 'DINAS PANGAN', '-', '6'),
(66, 'DINAS LINGKUNGAN HIDUP', '-\r\n', '6'),
(67, 'DINAS KEPENDUDUKAN DAN PENCATATAN SIPIL', '-', '6'),
(68, 'DINAS PERHUBUNGAN', '-', '6'),
(69, 'DINAS KOMUNIKASI, INFORMATIKA DAN PERSANDIAN', '-', '6'),
(70, 'DINAS PENANAMAN MODAL DAN PELAYANAN TERPADU SATU PINTU', '-', '6'),
(71, 'DINAS KEARSIPAN DAN PERPUSTAKAAN', '-', '6'),
(72, 'DINAS KELAUTAN PERIKANAN DAN PERTANIAN', '-', '6'),
(73, 'DINAS PARIWISATA, KEPEMUDAAN DAN OLAH RAGA', '-', '6'),
(74, 'DINAS PERDAGANGAN DAN PERINDUSTRIAN', '-', '6'),
(75, 'SEKRETARIAT DAERAH', '-', '6'),
(76, 'INSPEKTORAT', '-', '6'),
(77, 'BADAN PERENCANAAN, PENELITIAN DAN PENGEMBANGAN DAERAH', '-', '6'),
(78, 'BADAN KEUANGAN', '-', '6'),
(79, 'PEJABAT PENGELOLA KEUANGAN DAERAH (PPKD)', '-', '6'),
(80, 'BADAN KEPEGAWAIAN PENDIDIKAN DAN PELATIHAN', '-', '6'),
(81, 'SEKRETARIAT DPRD', '-', '6'),
(82, 'KANTOR CAMAT KOTA TIMUR', '-', '6'),
(83, 'KANTOR CAMAT KOTA BARAT', '-', '6'),
(84, 'KANTOR CAMAT KOTA SELATAN', '-', '6'),
(85, 'KANTOR CAMAT KOTA UTARA', '-', '6'),
(86, 'KANTOR CAMAT DUNGINGI', '-', '6'),
(87, 'KANTOR CAMAT KOTA TENGAH', '-', '6'),
(88, 'KANTOR CAMAT HULONTHALANGI', '-', '6'),
(89, 'KANTOR CAMAT SIPATANA', '-', '6'),
(90, 'KANTOR CAMAT DUMBO RAYA', '-', '6'),
(91, 'BADAN  KESATUAN BANGSA DAN POLITIK ', '-', '6'),
(92, 'DINAS PENDIDIKAN DAN KEBUDAYAAN', '-', '5'),
(93, 'DINAS KESEHATAN', '-', '5'),
(94, 'DINAS PEKERJAAN UMUM DAN PENATAAN RUANG', '-', '5'),
(95, 'DINAS PEKERJAAN UMUM', '-', '5'),
(96, 'DINAS PERUMAHAN DAN KAWASAN PERMUKIMAN', '-', '5'),
(97, 'BADAN KESATUAN BANGSA DAN POLITIK', '-', '5'),
(98, 'SATUAN POLISI PAMONG PRAJA', '-', '5'),
(99, 'DINAS SOSIAL', '-', '5'),
(100, 'BADAN PENANGGULANGAN BENCANA DAERAH', '-', '5'),
(101, 'BADAN NARKOTIKA NASIONAL', '-', '5'),
(102, 'DINAS TENAGA KERJA DAN TRANSMIGRASI', '-', '5'),
(103, 'DINAS PEMBERDAYAAN PEREMPUAN DAN PERLINDUNGAN ANAK', '-', '5'),
(104, 'BADAN PEMBERDAYAAN PEREMPUAN DAN KB', '-', '5'),
(105, 'DINAS KETAHANAN PANGAN', '-', '5'),
(106, 'BADAN KETAHANAN PANGAN', '-', '5'),
(107, 'DINAS LINGKUNGAN HIDUP DAN SUMBER DAYA ALAM', '-', '5'),
(108, 'BADAN LINGKUNGAN HIDUP', '-', '5'),
(109, 'DINAS KEPENDUDUKAN DAN PENCATATAN SIPIL', '-', '5'),
(110, 'DINAS PEMBERDAYAAN MASYARAKAT DAN DESA', '-', '5'),
(111, 'DINAS PENGENDALIAN PENDUDUK DAN KB', '-', '5'),
(112, 'DINAS PERHUBUNGAN', '-', '5'),
(113, 'DINAS KOMUNIKASI DAN  INFORMATIKA', '-', '5'),
(114, 'DINAS KOPERASI USAHA KECIL DAN MENENGAH', '-', '5'),
(115, 'DINAS PENANAMAN MODAL DAN PTSP', '-', '5'),
(116, 'DINAS PEMUDA, OLAHRAGA DAN PARIWISATA', '-', '5'),
(117, 'DINAS PEMUDA DAN OLAHRAGA', '-', '5'),
(118, 'DINAS PERPUSTAKAAN DAN ARSIP', '-', '5'),
(119, 'DINAS PERIKANAN ', '-', '5'),
(120, 'DINAS PARIWISATA, KEBUDAYAAN, KOMUNIKASI DAN INFORMATIKA', '-', '5'),
(121, 'DINAS PERTANIAN', '-', '5'),
(122, 'DINAS PETERNAKAN DAN KESEHATAN HEWAN', '-', '5'),
(123, 'BADAN PELAKSANA PENYULUHAN PERTANIAN, KEHUTANAN DAN PERKEBUNAN', '-', '5'),
(124, 'DINAS KEHUTANAN, PERTAMBANGAN DAN ENERGI', '-', '5'),
(125, 'DINAS PERINDUSTRIAN DAN PERDAGANGAN', '-', '5'),
(126, 'SEKRETARIAT DPRD', '-', '5'),
(127, 'SEKRETARIAT DAERAH', '-', '5'),
(128, 'KECAMATAN LIMBOTO', '-', '5'),
(129, 'KECAMATAN LIMBOTO BARAT', '-', '5'),
(130, 'KECAMATAN TELAGA', '-', '5'),
(131, 'KECAMATAN TELAGA BIRU', '-', '5'),
(132, 'KECAMATAN TIBAWA', '-', '5'),
(133, 'KECAMATAN PULUBALA', '-', '5'),
(134, 'KECAMATAN BATUDAA', '-', '5'),
(135, 'KECAMATAN BONGOMEME', '-', '5'),
(136, 'KECAMATAN BATUDAA PANTAI', '-', '5'),
(137, 'KECAMATAN MOOTILANGO', '-', '5'),
(138, 'KECAMATAN BOLIYOHUTO', '-', '5'),
(139, 'KECAMATAN TOLANGOHULA', '-', '5'),
(140, 'KECAMATAN TILANGO', '-', '5'),
(141, 'KECAMATAN TABONGO', '-\r\n', '5'),
(142, 'KECAMATAN BILUHU', '-', '5'),
(143, 'KECAMATAN ASPARAGA', '-', '5'),
(144, 'KECAMATAN TALAGA JAYA', '-', '5'),
(145, 'KECAMATAN BILATO', '-', '5'),
(146, 'KECAMATAN DUNGALIYO', '-', '5'),
(147, 'KANTOR PELAYANAN PENGADUAN MASYARAKAT', '-', '5'),
(148, 'KANTOR UNIT LAYANAN PENGADAAN BARANG/JASA', '-', '5'),
(149, 'KANTOR SEKRETARIAT KORPRI', '-', '5'),
(150, 'INSPEKTORAT', '-', '5'),
(151, 'BADAN PERENCANAAN', '-', '5'),
(152, 'BADAN KEUANGAN', '-', '5'),
(153, 'BADAN KEPEGAWAIAN DAN DIKLAT', '-', '5'),
(154, 'BADAN PENELITIAAN DAN PENGEMBANGAN', '-', '5'),
(155, 'DINAS PENDIDIKAN DAN KEBUDAYAAN', '-', '2'),
(156, 'DINAS KESEHATAN', '-', '2'),
(157, 'DINAS PEKERJAAN UMUM DAN PENATAAN RUANG', '-', '2'),
(158, 'DINAS PERUMAHAN RAKYAT PERMUKIMAN DAN PERTANAHAN', '-', '2'),
(159, 'DINAS SATUAN POLISI PAMONG PRAJA', '-', '2'),
(160, 'DINAS SOSIAL', '-', '2'),
(161, 'BADAN PENANGGULANGAN BENCANA DAERAH', '-', '2'),
(162, 'DINAS PANGAN', '-', '2'),
(163, 'DINAS LINGKUNGAN HIDUP', '-', '2'),
(164, 'DINAS CATATAN SIPIL DAN KEPENDUDUKAN', '-', '2'),
(165, 'DINAS PEMBERDAYAAN MASYARAKAT DESA', '-', '2'),
(166, 'DINAS PENGENDALIAN PENDUDUK, KB, PEMBERDAYAAN PEREMPUAN DAN PERLINDUNGAN ANAK', '-', '2'),
(167, 'DINAS PERHUBUNGAN', '-', '2'),
(168, 'DINAS KOMUNIKASI DAN INFORMATIKA', '-', '2'),
(169, 'DINAS PENANAMAN MODAL, PELAYANAN TERPADU SATU PINTU DAN TENAGA KERJA', '-', '2'),
(170, 'DINAS PEMUDA DAN OLAH RAGA', '-', '2'),
(171, 'DINAS PERPUSTAKAAN DAN KEARSIPAN', '-', '2'),
(172, 'DINAS KELAUTAN DAN PERIKANAN', '-', '2'),
(173, 'DINAS PARIWISATA DAN EKONOMI KREATIF', '-', '2'),
(174, 'DINAS PERTANIAN DAN PETERNAKAN', '-', '2'),
(175, 'DINAS PERINDUSTRIAN, PERDAGANGAN, KOPERASI DAN UMKM', '-', '2'),
(176, 'SEKRETARIAT DAERAH', '-', '2'),
(177, 'SEKRETARIAT DEWAN PERWAKILAN RAKYAT DAERAH', '-', '2'),
(178, 'KECAMATAN TAPA', '-', '2'),
(179, 'KECAMATAN KABILA', '-', '2'),
(180, 'KECAMATAN SUWAWA', '-', '2'),
(181, 'KECAMATAN BONEPANTAI', '-', '2'),
(182, 'KECAMATAN BULANGO UTARA', '-', '2'),
(183, 'KECAMATAN TILONGKABILA', '-', '2'),
(184, 'KECAMATAN BOTUPINGGE', '-', '2'),
(185, 'KECAMATAN KABILA BONE', '-', '2'),
(186, 'KECAMATAN BONE', '-', '2'),
(187, 'KECAMATAN BONE RAYA', '-', '2'),
(188, 'KECAMATAN SUWAWA TIMUR', '-', '2'),
(189, 'KECAMATAN SUWAWA SELATAN', '-', '2'),
(190, 'KECAMATAN SUWAWA TENGAH', '-', '2'),
(191, 'KECAMATAN BULANGO ULU', '-', '2'),
(192, 'KECAMATAN BULANGO SELATAN', '-', '2'),
(193, 'KECAMATAN BULANGO TIMUR', '-', '2'),
(194, 'KECAMATAN BULAWA', '-', '2'),
(195, 'KECAMATAN PINOGU', '-', '2'),
(196, 'INSPEKTORAT', '-', '2'),
(197, 'BADAN PERENCANAAN PEMBANGUNAN DAERAH, PENELITIAN DAN PENGEMBANGAN', '-', '2'),
(198, 'BADAN KEUANGAN DAN PENDAPATAN DAERAH', '-', '2'),
(199, 'BADAN KEPEGAWAIAN, PENDIDIKAN DAN PELATIHAN DAERAH', '-', '2'),
(200, 'SEKRETARIAT DEWAN PERWAKILAN RAKYAT DAERAH', '-', '2'),
(201, 'BADAN KESATUAN BANGSA DAN POLITIK', '-', '2'),
(202, 'DINAS PENDIDIKAN', '-', '4'),
(203, 'DINAS KESEHATAN', '-', '4'),
(204, 'DINAS PERUMAHAN RAKYAT, KAWASAN PERMUKIMAN DAN PERTANAHAN', '-', '4'),
(205, 'BADAN KESATUAN BANGSA', '-', '4'),
(206, 'DINAS SATUAN POLISI PAMONG PRAJA DAN KEBAKARAN', '-', '4'),
(207, 'DINAS SOSIAL', '-', '4'),
(208, 'BADAN PENANGGULANGAN BENCANA DAERAH', '-', '4'),
(209, 'DINAS PEMBERDAYAAN PEREMPUAN DAN PERLINDUNGAN ANAK', '-', '4'),
(210, 'DINAS KETAHANAN PANGAN', '-', '4'),
(211, 'DINAS LINGKUNGAN HIDUP', '-', '4'),
(212, 'DINAS KEPENDUDUKAN DAN CATATAN SIPIL', '-', '4'),
(213, 'DINAS PEMBERDAYAAN MASYARAKAT DAN DESA', '-', '4'),
(214, 'DINAS PENGENDALIAN PENDUDUK DAN KELUARGA BERENCANA', '-', '4'),
(215, 'DINAS PERHUBUNGAN', '-', '4'),
(216, 'DINAS KOMUNIKASI DAN INFORMATIKA', '-', '4'),
(217, 'DINAS PERDAGANGAN, PERINDUSTRIAN, KOPERASI DAN USAHA KECIL MENENGAH', '-', '4'),
(218, 'DINAS PENANAMAN MODAL DAN PERIJINAN TARPADU SATU PINTU (ESDM)', '-', '4'),
(219, 'DINAS KEPEMUDAAN DAN OLAHRAGA', '-', '4'),
(220, 'DINAS KEARSIPAN DAN PERPUSTAKAAN ', '-', '4'),
(221, 'DINAS KELAUTAN DAN PERIKANAN', '-', '4'),
(222, 'DINAS PARIWISATA DAN KEBUDAYAAN', '-', '4'),
(223, 'DINAS TANAMAN PANGAN, HORTIKULTURA DAN PERKEBUNAN', '-', '4'),
(224, 'DINAS PETERNAKAN DAN KESEHATAN HEWAN', '-', '4'),
(225, 'DINAS TRANSMIGRASI DAN TENAGA KERJA', '-', '4'),
(226, 'DEWAN PERWAKILAN RAKYAT DAERAH ', '-', '4'),
(227, 'KEPALA DAERAH DAN WAKIL KEPALA DAERAH', '-', '4'),
(228, 'SEKRTARIAT DAERAH', '-', '4'),
(229, 'SEKRATARIAT DEWAN PERWAKILAN RAKYAT DAERAH ', '-', '4'),
(230, 'KANTOR CAMAT KWANDANG', '-', '4'),
(231, 'KANTOR CAMAT ANGGREK', '-', '4'),
(232, 'KANTOR CAMAT ATINGGOLA', '-', '4'),
(233, 'KANTOR CAMAT SUMALATA', '-', '4'),
(234, 'KANTOR CAMAT TOLINGGULA', '-', '4'),
(235, 'KANTOR CAMAT GENTUMA RAYA', '-', '4'),
(236, 'KANTOR CAMAT BIAU', '-', '4'),
(237, 'KANTOR CAMAT SUMALATA TIMUR', '-', '4'),
(238, 'KANTOR CAMAT MONANO', '-', '4'),
(239, 'KANTOR CAMAT TOMILITO', '-', '4'),
(240, 'KANTOR CAMAT PONELO KEPULAUAN', '-', '4'),
(241, 'INSPEKTORAT DAERAH', '-', '4'),
(242, 'BADAN PERENCANAAN PENELITIAN DAN PENGEMBANGAN', '-', '4'),
(243, 'BADAN KEUANGAN ', '-', '4'),
(244, 'BADAN KEPEGAWAIAN PENDIDIKAN DAN PELATIHAN', '-', '4'),
(245, 'DINAS PENDIDIKAN,KEPEMUDAAN DAN OLAH RAGA', '-', '3'),
(246, 'DINAS KESEHATAN', '-', '3'),
(247, 'BADAN PENGELOLA RUMAH SAKIT UMUM DAERAH TANI DAN NELAYAN', '-', '3'),
(248, 'DINAS PEKERJAAN UMUM DAN PENATAAN RUANG', '-', '3'),
(249, 'DINAS PERUMAHAN RAKYAT,KAWASAN PERMUKIMAN,PERHUBUNGAN DAN PERTANAHAN', '-', '3'),
(250, 'BADAN PENANGGULANGAN BENCANA DAERAH', '-', '3'),
(251, 'KESBANG POLITIK DAN LINMAS', '-', '3'),
(252, 'SATUAN POLISI PAMONG PRAJA ', '-', '3'),
(253, 'DINAS SOSIAL, PEMBERDAYAAN MASYARAKAT DAN DESA', '-', '3'),
(254, 'DINAS PANGAN', '-', '3'),
(255, 'DINAS LINGKUNGAN HIDUP DAN KEHUTANAN', '-', '3'),
(256, 'DINAS KEPENDUDUKAN DAN PENCATATAN SIPIL', '-', '3'),
(257, 'DINAS PENGENDALIAN KEPENDUDUKAN,KELUARGA BERENCANA,PEMBERDAYAAN PEREMPUAN DAN PERLINDUNGAN ANAK', '-', '3'),
(258, 'DINAS KOMUNIKASI, INFORMATIKA,STATISTIK DAN PERSANDIAN', '-', '3'),
(259, 'DINAS KOPERASI,USAHA KECIL DAN MENENGAH, PERINDUSTRIAN DAN PERDAGANGAN', '-', '3'),
(260, 'DINAS PENANAMAN MODAL, ENERGI DAN SUMBER DAYA MINERAL', '-', '3'),
(261, 'DINAS PERPUSTAKAAN DAN KEARSIPAN', '-', '3'),
(262, 'DINAS PERPUSTAKAAN DAN ARSIP DAERAH ', '-', '3'),
(263, 'DINAS KELAUTAN DAN PERIKANAN', '-', '3'),
(264, 'DINAS PARIWISATA DAN KEBUDAYAAN', '-', '3'),
(265, 'DINAS PERTANIAN', '-', '3'),
(266, 'DINAS  TRANSMIGRASI DAN TENAGA KERJA ', '-', '3'),
(267, 'DPRD', '-', '3'),
(268, 'KEPALA DAERAH DAN WAKIL KEPALA DAERAH', '-', '3'),
(269, 'SEKERTARIAT DAERAH', '-', '3'),
(270, 'SEKERTARIAT DPRD', '-', '3'),
(271, 'KANTOR PELAYANAN PERIJINAN TERPADU SATU ATAP', '-', '3'),
(272, 'KECAMATAN PAGUYAMAN', '-', '3'),
(273, 'KECAMATAN TILAMUTA', '-', '3'),
(274, 'KECAMATAN MANANGGU', '-', '3'),
(275, 'KECAMATAN WONOSARI', '-', '3'),
(276, 'KECAMATAN DULUPI', '-', '3'),
(277, 'KECAMATAN PAGUYAMAN PANTAI', '-', '3'),
(278, 'KECAMATAN BOTUMOITO', '-', '3'),
(279, 'INSPEKTORAT DAERAH', '-', '3'),
(280, 'BADAN PERENCANAAN, PENELITIAN DAN PENGEMBANGAN DAERAH (BAPPPEDA)', '-', '3'),
(281, 'BADAN KEUANGAN DAN ASET DAERAH (BKAD)', '-', '3'),
(282, 'BADAN KEPEGAWAIAN DAERAH DAN PENDIDIKAN PELATIHAN', '-', '3'),
(283, 'DINAS PENDIDIKAN', '-', '7'),
(284, 'DINAS KESEHATAN', '-', '7'),
(285, 'RUMAH SAKIT UMUM DAERAH', '-', '7'),
(286, 'DINAS PEKERJAAN UMUM DAN PENATAAN RUANG', '-', '7'),
(287, 'DINAS PERUMAHAN DAN KAWASAN PERMUKIMAN', '-', '7'),
(288, 'BADAN KESATUAN BANGSA DAN POLITIK', '-', '7'),
(289, 'SATUAN POLISI PAMONG PRAJA', '-', '7'),
(290, 'DINAS SOSIAL', '-', '7'),
(291, 'BADAN PENANGGULANGAN BENCANA DAERAH', '-', '7'),
(292, 'DINAS TENAGA KERJA DAN TRANSMIGRASI', '-', '7'),
(293, 'DINAS PEMBERDAYAAN PEREMPUAN, PERLINDUNGAN ANAK, PENGENDALIAN PENDUDUK DAN KELUARGA BERENCANA', '-', '7'),
(294, 'DINAS PANGAN', '-', '7'),
(295, 'DINAS LINGKUNGAN HIDUP', '-', '7'),
(296, 'DINAS KEPENDUDUKAN DAN PENCATATAN SIPIL', '-', '7'),
(297, 'DINAS PEMBERDAYAAN MASYARAKAT DAN DESA', '-', '7'),
(298, 'DINAS PERHUBUNGAN', '-', '7'),
(299, 'DINAS KOMUNIKASI, INFORMATIKA DAN STATISTIK', '-', '7'),
(300, 'DINAS PENANAMAN MODAL', '-', '7'),
(301, 'DINAS PEMUDA, OLAHRAGA DAN PARIWISATA', '-', '7'),
(302, 'DINAS PERPUSTAKAAN DAN KEARSIPAN', '-', '7'),
(303, 'DINAS PERIKANAN', '-', '7'),
(304, 'DINAS PERTANIAN', '-', '7'),
(305, 'DINAS PERINDUSTRIAN, PERDAGANGAN, KOPERASI DAN USAHA KECIL MENENGAH', '-', '7'),
(306, 'KEPALA DAERAH DAN WAKIL KEPALA DAERAH', '-', '7'),
(307, 'DEWAN PERWAKILAN RAKYAT DAERAH', '-', '7'),
(308, 'SEKRETARIAT DAERAH', '-', '7'),
(309, 'SEKRETARIAT DPRD', '-', '7'),
(310, 'KECAMATAN PAGUAT', '-', '7'),
(311, 'KECAMATAN DENGILO', '-', '7'),
(312, 'KECAMATAN MARISA', '-', '7'),
(313, 'KECAMATAN DUHIADAA', '-', '7'),
(314, 'KECAMATAN BUNTULIA', '-', '7'),
(315, 'KECAMATAN PATILANGGIO', '-', '7'),
(316, 'KECAMATAN RANDANGAN', '-', '7'),
(317, 'KECAMATAN TALUDITI', '-', '7'),
(318, 'KECAMATAN WANGGARASI', '-', '7'),
(319, 'KECAMATAN LEMITO', '-', '7'),
(320, 'KECAMATAN POPAYATO', '-', '7'),
(321, 'KECAMATAN POPAYATO TIMUR', '-', '7'),
(322, 'KECAMATAN POPAYATO BARAT', '-', '7'),
(323, 'INSPEKTORAT DAERAH', '-', '7'),
(324, 'BADAN PERENCANAAN, PENELITIAN DAN PENGEMBANGAN', '-', '7'),
(325, 'BADAN KEUANGAN DAERAH', '-', '7'),
(326, 'BADAN KEPEGAWAIAN, PENDIDIKAN DAN PELATIHAN', '-', '7');

-- --------------------------------------------------------

--
-- Table structure for table `kemlem`
--

CREATE TABLE `kemlem` (
  `id` int(11) NOT NULL,
  `kemlem` varchar(50) NOT NULL
) ENGINE=InnoDB DEFAULT CHARSET=utf8mb4;

--
-- Dumping data for table `kemlem`
--

INSERT INTO `kemlem` (`id`, `kemlem`) VALUES
(9, 'Dinas Pertambangan'),
(10, 'Dinas Kelautan');

-- --------------------------------------------------------

--
-- Table structure for table `opd`
--

CREATE TABLE `opd` (
  `id` int(11) NOT NULL,
  `nama_unit` varchar(50) NOT NULL,
  `id_pemda` varchar(50) NOT NULL
) ENGINE=InnoDB DEFAULT CHARSET=utf8mb4;

--
-- Dumping data for table `opd`
--

INSERT INTO `opd` (`id`, `nama_unit`, `id_pemda`) VALUES
(3, 'DPRD', '3');

-- --------------------------------------------------------

--
-- Table structure for table `pemda`
--

CREATE TABLE `pemda` (
  `id` int(11) NOT NULL,
  `pemda` varchar(50) NOT NULL
) ENGINE=InnoDB DEFAULT CHARSET=utf8mb4;

--
-- Dumping data for table `pemda`
--

INSERT INTO `pemda` (`id`, `pemda`) VALUES
(2, 'Kabupaten Bone Bolango'),
(3, 'Kabupaten Boalemo'),
(4, 'Kabupaten Gorontalo Utara'),
(5, 'Kabupaten Gorontalo'),
(6, 'Kota Gorontalo'),
(7, 'Kabupaten Pohuwato'),
(8, 'Provinsi Gorontalo');

--
-- Indexes for dumped tables
--

--
-- Indexes for table `auditan`
--
ALTER TABLE `auditan`
  ADD PRIMARY KEY (`id`);

--
-- Indexes for table `auditor`
--
ALTER TABLE `auditor`
  ADD PRIMARY KEY (`id`);

--
-- Indexes for table `instansi_vertikal`
--
ALTER TABLE `instansi_vertikal`
  ADD PRIMARY KEY (`id`);

--
-- Indexes for table `kemlem`
--
ALTER TABLE `kemlem`
  ADD PRIMARY KEY (`id`);

--
-- Indexes for table `opd`
--
ALTER TABLE `opd`
  ADD PRIMARY KEY (`id`);

--
-- Indexes for table `pemda`
--
ALTER TABLE `pemda`
  ADD PRIMARY KEY (`id`);

--
-- AUTO_INCREMENT for dumped tables
--

--
-- AUTO_INCREMENT for table `auditor`
--
ALTER TABLE `auditor`
  MODIFY `id` int(11) NOT NULL AUTO_INCREMENT, AUTO_INCREMENT=23;

--
-- AUTO_INCREMENT for table `instansi_vertikal`
--
ALTER TABLE `instansi_vertikal`
  MODIFY `id` int(11) NOT NULL AUTO_INCREMENT, AUTO_INCREMENT=327;

--
-- AUTO_INCREMENT for table `kemlem`
--
ALTER TABLE `kemlem`
  MODIFY `id` int(11) NOT NULL AUTO_INCREMENT, AUTO_INCREMENT=11;

--
-- AUTO_INCREMENT for table `opd`
--
ALTER TABLE `opd`
  MODIFY `id` int(11) NOT NULL AUTO_INCREMENT, AUTO_INCREMENT=4;

--
-- AUTO_INCREMENT for table `pemda`
--
ALTER TABLE `pemda`
  MODIFY `id` int(11) NOT NULL AUTO_INCREMENT, AUTO_INCREMENT=9;
COMMIT;

/*!40101 SET CHARACTER_SET_CLIENT=@OLD_CHARACTER_SET_CLIENT */;
/*!40101 SET CHARACTER_SET_RESULTS=@OLD_CHARACTER_SET_RESULTS */;
/*!40101 SET COLLATION_CONNECTION=@OLD_COLLATION_CONNECTION */;
